"nome","frecuencia","porcentaxe","tempo"
"MARIA",467,5,2000
"ANDREA",367,3.9,2000
"LAURA",363,3.9,2000
"PAULA",358,3.8,2000
"ALBA",351,3.8,2000
"SARA",321,3.4,2000
"LUCIA",313,3.4,2000
"MARTA",248,2.7,2000
"ANA",231,2.5,2000
"NEREA",213,2.3,2000
"IRIA",177,1.9,2000
"ANTIA",163,1.7,2000
"CRISTINA",153,1.6,2000
"CARLA",145,1.6,2000
"UXIA",126,1.4,2000
"NOELIA",125,1.3,2000
"RAQUEL",104,1.1,2000
"CARMEN",102,1.1,2000
"LARA",99,1.1,2000
"SOFIA",85,0.9,2000
"TAMARA",84,0.9,2000
"CLAUDIA",82,0.9,2000
"NATALIA",82,0.9,2000
"TANIA",80,0.9,2000
"PATRICIA",78,0.8,2000
"ELENA",76,0.8,2000
"IRENE",76,0.8,2000
"SANDRA",75,0.8,2000
"NURIA",74,0.8,2000
"ANGELA",70,0.8,2000
"LORENA",69,0.7,2000
"ALICIA",68,0.7,2000
"SABELA",67,0.7,2000
"INES",62,0.7,2000
"SILVIA",62,0.7,2000
"EVA",61,0.7,2000
"CLARA",56,0.6,2000
"CARLOTA",55,0.6,2000
"LIDIA",52,0.6,2000
"ALEJANDRA",51,0.5,2000
"JENNIFER",51,0.5,2000
"NOA",50,0.5,2000
"MIRIAM",48,0.5,2000
"MARINA",45,0.5,2000
"HELENA",41,0.4,2000
"BEATRIZ",40,0.4,2000
"ROCIO",40,0.4,2000
"AIDA",39,0.4,2000
"BELEN",38,0.4,2000
"CANDELA",38,0.4,2000
"MARIA",390,4.2,2001
"LAURA",362,3.9,2001
"SARA",339,3.6,2001
"ALBA",332,3.5,2001
"LUCIA",329,3.5,2001
"ANDREA",301,3.2,2001
"PAULA",298,3.2,2001
"NEREA",257,2.7,2001
"MARTA",247,2.6,2001
"ANA",238,2.5,2001
"IRIA",191,2,2001
"CARLA",179,1.9,2001
"UXIA",160,1.7,2001
"ANTIA",139,1.5,2001
"CARMEN",135,1.4,2001
"RAQUEL",121,1.3,2001
"CRISTINA",115,1.2,2001
"SOFIA",112,1.2,2001
"NOELIA",109,1.2,2001
"LARA",107,1.1,2001
"CLAUDIA",99,1.1,2001
"EVA",87,0.9,2001
"IRENE",87,0.9,2001
"NURIA",78,0.8,2001
"ELENA",77,0.8,2001
"SANDRA",76,0.8,2001
"SILVIA",76,0.8,2001
"INES",75,0.8,2001
"NATALIA",73,0.8,2001
"ALEJANDRA",68,0.7,2001
"CLARA",67,0.7,2001
"SABELA",67,0.7,2001
"ALICIA",66,0.7,2001
"ANGELA",66,0.7,2001
"NOA",65,0.7,2001
"ZAIRA",64,0.7,2001
"TANIA",61,0.7,2001
"PATRICIA",58,0.6,2001
"LORENA",55,0.6,2001
"AINHOA",54,0.6,2001
"CARLOTA",54,0.6,2001
"LIDIA",44,0.5,2001
"MIRIAM",43,0.5,2001
"SHEILA",41,0.4,2001
"CANDELA",40,0.4,2001
"MARINA",38,0.4,2001
"AROA",34,0.4,2001
"VERONICA",34,0.4,2001
"YAIZA",34,0.4,2001
"ADRIANA",33,0.4,2001
"LUCIA",458,4.9,2002
"LAURA",376,4,2002
"MARIA",344,3.7,2002
"SARA",306,3.3,2002
"PAULA",295,3.2,2002
"ALBA",294,3.1,2002
"ANDREA",290,3.1,2002
"NEREA",229,2.5,2002
"MARTA",219,2.3,2002
"ANA",212,2.3,2002
"ANTIA",182,1.9,2002
"CARLA",169,1.8,2002
"IRIA",155,1.7,2002
"UXIA",143,1.5,2002
"CLAUDIA",128,1.4,2002
"SOFIA",115,1.2,2002
"NOELIA",111,1.2,2002
"CARMEN",109,1.2,2002
"CRISTINA",107,1.1,2002
"NATALIA",98,1,2002
"RAQUEL",96,1,2002
"NURIA",92,1,2002
"LARA",90,1,2002
"AINHOA",86,0.9,2002
"ELENA",80,0.9,2002
"EVA",80,0.9,2002
"NOA",77,0.8,2002
"ALICIA",72,0.8,2002
"SILVIA",72,0.8,2002
"IRENE",71,0.8,2002
"ALEJANDRA",69,0.7,2002
"SABELA",68,0.7,2002
"INES",64,0.7,2002
"SANDRA",64,0.7,2002
"CARLOTA",63,0.7,2002
"CAROLINA",63,0.7,2002
"ANGELA",62,0.7,2002
"CLARA",60,0.6,2002
"ADRIANA",58,0.6,2002
"PATRICIA",55,0.6,2002
"LORENA",52,0.6,2002
"AROA",46,0.5,2002
"NOEMI",46,0.5,2002
"TANIA",46,0.5,2002
"CANDELA",44,0.5,2002
"LIDIA",39,0.4,2002
"SHEILA",39,0.4,2002
"ALDARA",38,0.4,2002
"MIRIAM",37,0.4,2002
"BEATRIZ",36,0.4,2002
"LUCIA",500,5.2,2003
"PAULA",381,4,2003
"LAURA",344,3.6,2003
"MARIA",342,3.5,2003
"ANDREA",288,3,2003
"SARA",282,2.9,2003
"NEREA",263,2.7,2003
"ALBA",262,2.7,2003
"MARTA",211,2.2,2003
"UXIA",195,2,2003
"CARLA",189,2,2003
"ANA",187,1.9,2003
"ANTIA",180,1.9,2003
"IRIA",171,1.8,2003
"NOA",156,1.6,2003
"AINHOA",131,1.4,2003
"CARMEN",124,1.3,2003
"CLAUDIA",121,1.3,2003
"LARA",121,1.3,2003
"SOFIA",97,1,2003
"CRISTINA",92,1,2003
"NOELIA",90,0.9,2003
"CLARA",86,0.9,2003
"INES",80,0.8,2003
"NURIA",79,0.8,2003
"RAQUEL",77,0.8,2003
"NATALIA",75,0.8,2003
"ELENA",72,0.7,2003
"EVA",72,0.7,2003
"CANDELA",70,0.7,2003
"ALEJANDRA",69,0.7,2003
"SABELA",69,0.7,2003
"ALICIA",67,0.7,2003
"IRENE",64,0.7,2003
"SILVIA",62,0.6,2003
"AROA",56,0.6,2003
"CARLOTA",56,0.6,2003
"ANGELA",55,0.6,2003
"SANDRA",50,0.5,2003
"LORENA",49,0.5,2003
"NOEMI",48,0.5,2003
"CAROLINA",45,0.5,2003
"PATRICIA",45,0.5,2003
"TANIA",45,0.5,2003
"ZAIRA",43,0.4,2003
"AINARA",42,0.4,2003
"MIRIAM",42,0.4,2003
"ADRIANA",41,0.4,2003
"JENNIFER",40,0.4,2003
"ALDARA",39,0.4,2003
"LUCIA",535,5.4,2004
"LAURA",382,3.8,2004
"PAULA",358,3.6,2004
"MARIA",299,3,2004
"ANDREA",284,2.9,2004
"SARA",250,2.5,2004
"ALBA",249,2.5,2004
"UXIA",227,2.3,2004
"CARLA",222,2.2,2004
"NEREA",222,2.2,2004
"MARTA",198,2,2004
"ANA",195,2,2004
"ANTIA",195,2,2004
"IRIA",174,1.8,2004
"NOA",128,1.3,2004
"SOFIA",127,1.3,2004
"CLAUDIA",117,1.2,2004
"CARMEN",112,1.1,2004
"CRISTINA",110,1.1,2004
"CANDELA",109,1.1,2004
"LARA",109,1.1,2004
"NOELIA",94,0.9,2004
"AINHOA",93,0.9,2004
"INES",90,0.9,2004
"AROA",89,0.9,2004
"EVA",89,0.9,2004
"IRENE",89,0.9,2004
"NATALIA",88,0.9,2004
"SABELA",81,0.8,2004
"NURIA",78,0.8,2004
"RAQUEL",77,0.8,2004
"ALEJANDRA",76,0.8,2004
"ANGELA",75,0.8,2004
"ELENA",74,0.7,2004
"CARLOTA",66,0.7,2004
"ALICIA",65,0.7,2004
"ADRIANA",64,0.6,2004
"CAROLINA",64,0.6,2004
"CLARA",61,0.6,2004
"LORENA",56,0.6,2004
"DANIELA",55,0.6,2004
"SHEILA",54,0.5,2004
"SILVIA",54,0.5,2004
"AINARA",53,0.5,2004
"SANDRA",48,0.5,2004
"YAIZA",47,0.5,2004
"JULIA",39,0.4,2004
"NAIARA",37,0.4,2004
"ALDARA",36,0.4,2004
"PATRICIA",36,0.4,2004
"LUCIA",534,5.3,2005
"PAULA",347,3.4,2005
"LAURA",332,3.3,2005
"MARIA",305,3,2005
"SARA",264,2.6,2005
"ALBA",231,2.3,2005
"NEREA",230,2.3,2005
"CARLA",228,2.2,2005
"ANDREA",219,2.2,2005
"UXIA",218,2.1,2005
"MARTA",198,1.9,2005
"ANTIA",186,1.8,2005
"NOA",182,1.8,2005
"IRIA",165,1.6,2005
"ANA",161,1.6,2005
"CANDELA",153,1.5,2005
"SOFIA",147,1.4,2005
"CLAUDIA",139,1.4,2005
"LARA",113,1.1,2005
"AINHOA",109,1.1,2005
"IRENE",109,1.1,2005
"CARMEN",108,1.1,2005
"ALEJANDRA",93,0.9,2005
"INES",91,0.9,2005
"SABELA",90,0.9,2005
"EVA",86,0.8,2005
"NATALIA",85,0.8,2005
"CARLOTA",83,0.8,2005
"NURIA",79,0.8,2005
"DANIELA",76,0.8,2005
"ALICIA",73,0.7,2005
"AROA",70,0.7,2005
"CRISTINA",70,0.7,2005
"ANGELA",67,0.7,2005
"ELENA",66,0.7,2005
"NOELIA",65,0.6,2005
"RAQUEL",64,0.6,2005
"AITANA",60,0.6,2005
"CLARA",60,0.6,2005
"JULIA",60,0.6,2005
"SILVIA",59,0.6,2005
"CAROLINA",57,0.6,2005
"SANDRA",54,0.5,2005
"TANIA",53,0.5,2005
"ADRIANA",49,0.5,2005
"LORENA",49,0.5,2005
"SHEILA",46,0.5,2005
"YAIZA",46,0.5,2005
"MARTINA",45,0.4,2005
"AINARA",42,0.4,2005
"LUCIA",462,4.5,2006
"LAURA",341,3.3,2006
"SARA",320,3.1,2006
"PAULA",304,3,2006
"MARIA",275,2.7,2006
"ALBA",244,2.4,2006
"CARLA",239,2.3,2006
"NOA",223,2.2,2006
"ANTIA",220,2.1,2006
"ANDREA",216,2.1,2006
"UXIA",210,2,2006
"CLAUDIA",185,1.8,2006
"NEREA",179,1.7,2006
"IRIA",176,1.7,2006
"MARTA",174,1.7,2006
"IRENE",158,1.5,2006
"CANDELA",151,1.5,2006
"SOFIA",149,1.4,2006
"ANA",137,1.3,2006
"INES",118,1.1,2006
"CARMEN",110,1.1,2006
"DANIELA",109,1.1,2006
"LARA",100,1,2006
"SABELA",99,1,2006
"AINHOA",97,0.9,2006
"EVA",87,0.8,2006
"NOELIA",86,0.8,2006
"AROA",80,0.8,2006
"NATALIA",75,0.7,2006
"CARLOTA",74,0.7,2006
"ALEJANDRA",72,0.7,2006
"CRISTINA",71,0.7,2006
"ELENA",66,0.6,2006
"ANGELA",65,0.6,2006
"ADRIANA",62,0.6,2006
"ALICIA",61,0.6,2006
"NURIA",61,0.6,2006
"AITANA",58,0.6,2006
"CAROLINA",58,0.6,2006
"XIANA",56,0.5,2006
"RAQUEL",55,0.5,2006
"ZAIRA",55,0.5,2006
"JULIA",53,0.5,2006
"HELENA",51,0.5,2006
"LORENA",50,0.5,2006
"SILVIA",49,0.5,2006
"MARTINA",48,0.5,2006
"CELIA",46,0.4,2006
"CLARA",46,0.4,2006
"SARAY",45,0.4,2006
"LUCIA",414,3.9,2007
"SARA",371,3.5,2007
"PAULA",350,3.3,2007
"LAURA",306,2.9,2007
"NOA",288,2.7,2007
"MARIA",269,2.6,2007
"ALBA",245,2.3,2007
"CARLA",235,2.2,2007
"UXIA",218,2.1,2007
"ANTIA",195,1.9,2007
"MARTA",180,1.7,2007
"CLAUDIA",173,1.6,2007
"NEREA",170,1.6,2007
"ANDREA",162,1.5,2007
"IRIA",162,1.5,2007
"IRENE",155,1.5,2007
"SOFIA",153,1.5,2007
"CANDELA",149,1.4,2007
"ANA",131,1.2,2007
"DANIELA",119,1.1,2007
"INES",115,1.1,2007
"LARA",108,1,2007
"CARLOTA",107,1,2007
"SABELA",107,1,2007
"CARMEN",106,1,2007
"AINHOA",101,1,2007
"AROA",85,0.8,2007
"CAROLINA",82,0.8,2007
"ALEJANDRA",81,0.8,2007
"MARTINA",74,0.7,2007
"XIANA",74,0.7,2007
"JULIA",73,0.7,2007
"ADRIANA",71,0.7,2007
"AINARA",71,0.7,2007
"ALICIA",69,0.7,2007
"CLARA",69,0.7,2007
"EVA",68,0.6,2007
"NURIA",67,0.6,2007
"MARA",62,0.6,2007
"NATALIA",61,0.6,2007
"NOELIA",57,0.5,2007
"CRISTINA",56,0.5,2007
"ELENA",55,0.5,2007
"EMMA",55,0.5,2007
"AITANA",54,0.5,2007
"NAIARA",54,0.5,2007
"RAQUEL",54,0.5,2007
"SHEILA",51,0.5,2007
"ANGELA",50,0.5,2007
"GABRIELA",50,0.5,2007
"LUCIA",371,3.3,2008
"SARA",342,3.1,2008
"PAULA",330,3,2008
"NOA",319,2.9,2008
"UXIA",262,2.3,2008
"CARLA",255,2.3,2008
"MARIA",251,2.3,2008
"LAURA",248,2.2,2008
"ALBA",226,2,2008
"ANTIA",224,2,2008
"SOFIA",196,1.8,2008
"NEREA",171,1.5,2008
"IRIA",167,1.5,2008
"MARTA",167,1.5,2008
"DANIELA",162,1.5,2008
"CLAUDIA",161,1.4,2008
"ANDREA",156,1.4,2008
"SABELA",155,1.4,2008
"IRENE",150,1.3,2008
"CANDELA",145,1.3,2008
"ANA",137,1.2,2008
"CARMEN",130,1.2,2008
"XIANA",122,1.1,2008
"LARA",117,1,2008
"INES",114,1,2008
"CARLOTA",113,1,2008
"AROA",108,1,2008
"ALICIA",92,0.8,2008
"MARTINA",90,0.8,2008
"ALEJANDRA",87,0.8,2008
"AINHOA",85,0.8,2008
"ALDARA",79,0.7,2008
"JULIA",77,0.7,2008
"ADRIANA",72,0.6,2008
"AINARA",72,0.6,2008
"CAROLINA",70,0.6,2008
"CLARA",67,0.6,2008
"EMMA",65,0.6,2008
"NOELIA",65,0.6,2008
"ELENA",64,0.6,2008
"EVA",64,0.6,2008
"AITANA",58,0.5,2008
"NURIA",56,0.5,2008
"LOLA",55,0.5,2008
"RAQUEL",54,0.5,2008
"CRISTINA",52,0.5,2008
"HELENA",52,0.5,2008
"NAIARA",49,0.4,2008
"VALERIA",49,0.4,2008
"NATALIA",48,0.4,2008
"LUCIA",392,3.6,2009
"SARA",299,2.7,2009
"PAULA",297,2.7,2009
"NOA",295,2.7,2009
"UXIA",256,2.3,2009
"CARLA",249,2.3,2009
"ALBA",240,2.2,2009
"DANIELA",237,2.2,2009
"LAURA",228,2.1,2009
"ANTIA",227,2.1,2009
"MARIA",213,1.9,2009
"SOFIA",203,1.9,2009
"SABELA",173,1.6,2009
"CLAUDIA",159,1.5,2009
"MARTA",158,1.4,2009
"CARMEN",151,1.4,2009
"IRIA",143,1.3,2009
"CANDELA",139,1.3,2009
"NEREA",139,1.3,2009
"ADRIANA",132,1.2,2009
"ANDREA",130,1.2,2009
"IRENE",130,1.2,2009
"ANA",122,1.1,2009
"LARA",122,1.1,2009
"CARLOTA",115,1.1,2009
"AROA",110,1,2009
"MARTINA",107,1,2009
"AINHOA",102,0.9,2009
"JULIA",97,0.9,2009
"XIANA",96,0.9,2009
"INES",91,0.8,2009
"ALICIA",76,0.7,2009
"LEIRE",76,0.7,2009
"ALEJANDRA",75,0.7,2009
"ALDARA",69,0.6,2009
"AITANA",68,0.6,2009
"LOLA",68,0.6,2009
"EMMA",65,0.6,2009
"NURIA",62,0.6,2009
"EVA",61,0.6,2009
"CLARA",58,0.5,2009
"NOELIA",58,0.5,2009
"AINARA",57,0.5,2009
"CAROLINA",54,0.5,2009
"CRISTINA",53,0.5,2009
"NATALIA",53,0.5,2009
"ANGELA",51,0.5,2009
"MARA",50,0.5,2009
"ARIADNA",48,0.4,2009
"JIMENA",48,0.4,2009
"SARA",373,3.5,2010
"LUCIA",316,3,2010
"NOA",288,2.7,2010
"DANIELA",268,2.5,2010
"PAULA",259,2.5,2010
"CARLA",244,2.3,2010
"ALBA",241,2.3,2010
"LAURA",212,2,2010
"SOFIA",203,1.9,2010
"UXIA",203,1.9,2010
"ANTIA",199,1.9,2010
"MARIA",191,1.8,2010
"CLAUDIA",168,1.6,2010
"SABELA",153,1.5,2010
"IRIA",150,1.4,2010
"CARMEN",141,1.3,2010
"MARTINA",138,1.3,2010
"NEREA",138,1.3,2010
"CANDELA",136,1.3,2010
"IRENE",132,1.3,2010
"AROA",125,1.2,2010
"MARTA",123,1.2,2010
"LARA",115,1.1,2010
"ADRIANA",111,1.1,2010
"INES",109,1,2010
"ANDREA",104,1,2010
"ANA",93,0.9,2010
"CARLOTA",92,0.9,2010
"XIANA",87,0.8,2010
"EMMA",84,0.8,2010
"AINHOA",82,0.8,2010
"ALEJANDRA",81,0.8,2010
"JULIA",81,0.8,2010
"ELENA",78,0.7,2010
"LEIRE",74,0.7,2010
"ALICIA",73,0.7,2010
"AITANA",70,0.7,2010
"CAROLINA",70,0.7,2010
"LOLA",67,0.6,2010
"AINARA",65,0.6,2010
"NOELIA",60,0.6,2010
"EVA",56,0.5,2010
"NAIARA",56,0.5,2010
"CELIA",51,0.5,2010
"GABRIELA",51,0.5,2010
"VALERIA",50,0.5,2010
"MARA",49,0.5,2010
"ALDARA",47,0.4,2010
"CLARA",47,0.4,2010
"LIA",44,0.4,2010
"SARA",369,3.6,2011
"LUCIA",321,3.1,2011
"NOA",318,3.1,2011
"DANIELA",266,2.6,2011
"CARLA",264,2.6,2011
"PAULA",244,2.4,2011
"SOFIA",214,2.1,2011
"ALBA",212,2.1,2011
"MARIA",172,1.7,2011
"LAURA",171,1.7,2011
"MARTINA",167,1.6,2011
"CLAUDIA",166,1.6,2011
"ANTIA",157,1.5,2011
"IRIA",152,1.5,2011
"NEREA",151,1.5,2011
"UXIA",147,1.4,2011
"SABELA",135,1.3,2011
"MARTA",122,1.2,2011
"AROA",121,1.2,2011
"CARMEN",121,1.2,2011
"CARLOTA",116,1.1,2011
"LARA",115,1.1,2011
"IRENE",114,1.1,2011
"CANDELA",110,1.1,2011
"AINHOA",107,1,2011
"JULIA",107,1,2011
"VALERIA",105,1,2011
"INES",104,1,2011
"ANDREA",103,1,2011
"ADRIANA",95,0.9,2011
"ANA",89,0.9,2011
"ALICIA",86,0.8,2011
"XIANA",86,0.8,2011
"LOLA",79,0.8,2011
"ALEJANDRA",69,0.7,2011
"CAROLINA",68,0.7,2011
"NAIARA",68,0.7,2011
"AINARA",67,0.7,2011
"LEIRE",66,0.6,2011
"JIMENA",65,0.6,2011
"CELIA",62,0.6,2011
"LIA",61,0.6,2011
"EMMA",60,0.6,2011
"NOELIA",58,0.6,2011
"AITANA",55,0.5,2011
"CLARA",55,0.5,2011
"EVA",53,0.5,2011
"MARA",50,0.5,2011
"VERA",47,0.5,2011
"BLANCA",45,0.4,2011
"SARA",301,3,2012
"NOA",299,3,2012
"LUCIA",282,2.8,2012
"DANIELA",254,2.5,2012
"SOFIA",221,2.2,2012
"CARLA",216,2.2,2012
"ALBA",205,2,2012
"PAULA",205,2,2012
"MARTINA",178,1.8,2012
"LAURA",167,1.7,2012
"MARIA",166,1.7,2012
"ANTIA",156,1.6,2012
"IRIA",148,1.5,2012
"CLAUDIA",147,1.5,2012
"UXIA",141,1.4,2012
"LARA",138,1.4,2012
"VALERIA",138,1.4,2012
"SABELA",130,1.3,2012
"ADRIANA",122,1.2,2012
"CARMEN",119,1.2,2012
"AROA",117,1.2,2012
"NEREA",112,1.1,2012
"JULIA",106,1.1,2012
"IRENE",102,1,2012
"INES",99,1,2012
"MARTA",98,1,2012
"ANDREA",96,1,2012
"AINHOA",95,0.9,2012
"CANDELA",95,0.9,2012
"CARLOTA",95,0.9,2012
"EMMA",90,0.9,2012
"ANA",88,0.9,2012
"AINARA",85,0.8,2012
"VALENTINA",85,0.8,2012
"ALICIA",80,0.8,2012
"XIANA",80,0.8,2012
"LIA",72,0.7,2012
"LOLA",71,0.7,2012
"CAROLINA",70,0.7,2012
"MARA",68,0.7,2012
"ALEJANDRA",67,0.7,2012
"ELENA",62,0.6,2012
"EVA",62,0.6,2012
"CLARA",60,0.6,2012
"AITANA",59,0.6,2012
"ARIADNA",57,0.6,2012
"ALDARA",56,0.6,2012
"LEIRE",56,0.6,2012
"NOELIA",56,0.6,2012
"VERA",55,0.5,2012
"NOA",296,3.1,2013
"SARA",279,2.9,2013
"DANIELA",264,2.7,2013
"LUCIA",243,2.5,2013
"CARLA",210,2.2,2013
"SOFIA",200,2.1,2013
"MARTINA",191,2,2013
"ALBA",183,1.9,2013
"PAULA",176,1.8,2013
"MARIA",166,1.7,2013
"VALERIA",156,1.6,2013
"SABELA",140,1.5,2013
"CARMEN",133,1.4,2013
"LAURA",127,1.3,2013
"IRIA",122,1.3,2013
"ANTIA",121,1.3,2013
"UXIA",121,1.3,2013
"JULIA",120,1.2,2013
"CLAUDIA",114,1.2,2013
"LARA",109,1.1,2013
"CANDELA",105,1.1,2013
"NEREA",104,1.1,2013
"AINHOA",101,1.1,2013
"VERA",100,1,2013
"EMMA",99,1,2013
"ANA",98,1,2013
"CARLOTA",92,1,2013
"AROA",90,0.9,2013
"AINARA",87,0.9,2013
"MARTA",87,0.9,2013
"ADRIANA",86,0.9,2013
"LEIRE",85,0.9,2013
"ALEJANDRA",84,0.9,2013
"ANDREA",84,0.9,2013
"VALENTINA",84,0.9,2013
"LIA",81,0.8,2013
"MARA",80,0.8,2013
"ALICIA",78,0.8,2013
"CLARA",75,0.8,2013
"IRENE",75,0.8,2013
"INES",74,0.8,2013
"LOLA",69,0.7,2013
"XIANA",66,0.7,2013
"CELIA",58,0.6,2013
"AITANA",54,0.6,2013
"ZOE",54,0.6,2013
"ELENA",53,0.6,2013
"CAROLINA",52,0.5,2013
"VEGA",52,0.5,2013
"ALDARA",51,0.5,2013
"NOA",281,3,2014
"DANIELA",242,2.6,2014
"SARA",237,2.5,2014
"MARTINA",235,2.5,2014
"LUCIA",229,2.5,2014
"SOFIA",209,2.2,2014
"PAULA",184,2,2014
"ALBA",174,1.9,2014
"CARLA",170,1.8,2014
"MARIA",164,1.8,2014
"EMMA",136,1.5,2014
"VALERIA",133,1.4,2014
"ANTIA",130,1.4,2014
"VALENTINA",124,1.3,2014
"LAURA",118,1.3,2014
"UXIA",118,1.3,2014
"SABELA",115,1.2,2014
"CANDELA",110,1.2,2014
"IRIA",107,1.1,2014
"LARA",107,1.1,2014
"VERA",106,1.1,2014
"CARMEN",105,1.1,2014
"JULIA",102,1.1,2014
"CLAUDIA",97,1,2014
"NEREA",96,1,2014
"ANDREA",94,1,2014
"LIA",89,1,2014
"AROA",87,0.9,2014
"MARTA",87,0.9,2014
"ALICIA",85,0.9,2014
"CARLOTA",83,0.9,2014
"ADRIANA",80,0.9,2014
"XIANA",80,0.9,2014
"MARA",78,0.8,2014
"ANA",77,0.8,2014
"IRENE",77,0.8,2014
"AINARA",76,0.8,2014
"CLARA",73,0.8,2014
"LEIRE",68,0.7,2014
"LOLA",67,0.7,2014
"INES",64,0.7,2014
"OLIVIA",64,0.7,2014
"ALEJANDRA",62,0.7,2014
"AINHOA",59,0.6,2014
"CAROLINA",58,0.6,2014
"ELENA",58,0.6,2014
"ALMA",51,0.5,2014
"EVA",50,0.5,2014
"ZOE",50,0.5,2014
"AITANA",46,0.5,2014
"NOA",269,2.9,2015
"MARTINA",250,2.7,2015
"DANIELA",243,2.6,2015
"SOFIA",223,2.4,2015
"SARA",215,2.3,2015
"LUCIA",199,2.1,2015
"ALBA",192,2.1,2015
"CARLA",164,1.8,2015
"PAULA",159,1.7,2015
"VALERIA",144,1.5,2015
"MARIA",140,1.5,2015
"VERA",126,1.3,2015
"UXIA",125,1.3,2015
"SABELA",122,1.3,2015
"EMMA",118,1.3,2015
"CARMEN",116,1.2,2015
"VALENTINA",115,1.2,2015
"ANTIA",114,1.2,2015
"IRIA",112,1.2,2015
"LARA",112,1.2,2015
"JULIA",110,1.2,2015
"CLAUDIA",106,1.1,2015
"LAURA",104,1.1,2015
"LIA",101,1.1,2015
"CANDELA",99,1.1,2015
"AROA",96,1,2015
"LEIRE",94,1,2015
"ALICIA",92,1,2015
"XIANA",92,1,2015
"ADRIANA",86,0.9,2015
"OLIVIA",82,0.9,2015
"CARLOTA",79,0.8,2015
"LOLA",79,0.8,2015
"ANA",77,0.8,2015
"NEREA",77,0.8,2015
"AINARA",74,0.8,2015
"CLARA",71,0.8,2015
"INES",71,0.8,2015
"MARA",71,0.8,2015
"VEGA",71,0.8,2015
"ALMA",70,0.7,2015
"MARTA",70,0.7,2015
"IRENE",69,0.7,2015
"AINHOA",67,0.7,2015
"ALEJANDRA",60,0.6,2015
"AITANA",56,0.6,2015
"JIMENA",55,0.6,2015
"ELENA",52,0.6,2015
"CAROLINA",48,0.5,2015
"MIA",48,0.5,2015
"SOFIA",280,3,2016
"NOA",237,2.6,2016
"SARA",236,2.6,2016
"MARTINA",223,2.4,2016
"ALBA",210,2.3,2016
"DANIELA",196,2.1,2016
"LUCIA",185,2,2016
"VALERIA",172,1.9,2016
"CARLA",155,1.7,2016
"CARMEN",155,1.7,2016
"VERA",140,1.5,2016
"LARA",138,1.5,2016
"JULIA",120,1.3,2016
"PAULA",117,1.3,2016
"VALENTINA",114,1.2,2016
"EMMA",109,1.2,2016
"UXIA",104,1.1,2016
"LIA",100,1.1,2016
"MARIA",100,1.1,2016
"ANTIA",97,1,2016
"SABELA",97,1,2016
"LAURA",96,1,2016
"LEIRE",91,1,2016
"ADRIANA",90,1,2016
"CANDELA",90,1,2016
"IRIA",90,1,2016
"ALICIA",87,0.9,2016
"CLAUDIA",86,0.9,2016
"OLIVIA",86,0.9,2016
"ANA",81,0.9,2016
"AROA",78,0.8,2016
"LOLA",78,0.8,2016
"CARLOTA",76,0.8,2016
"ALMA",73,0.8,2016
"MARA",73,0.8,2016
"ZOE",72,0.8,2016
"IRENE",67,0.7,2016
"VEGA",66,0.7,2016
"XIANA",66,0.7,2016
"INES",64,0.7,2016
"AINARA",62,0.7,2016
"NEREA",62,0.7,2016
"AITANA",60,0.6,2016
"MIA",58,0.6,2016
"JIMENA",57,0.6,2016
"CLARA",54,0.6,2016
"AINHOA",53,0.6,2016
"ALEJANDRA",53,0.6,2016
"ANDREA",53,0.6,2016
"NORA",53,0.6,2016
"SOFIA",275,3.1,2017
"NOA",250,2.8,2017
"DANIELA",216,2.4,2017
"MARTINA",214,2.4,2017
"SARA",212,2.4,2017
"LUCIA",184,2.1,2017
"ALBA",170,1.9,2017
"CARLA",148,1.7,2017
"LARA",136,1.5,2017
"VERA",134,1.5,2017
"CARMEN",129,1.4,2017
"VALERIA",126,1.4,2017
"PAULA",121,1.4,2017
"JULIA",113,1.3,2017
"VALENTINA",113,1.3,2017
"UXIA",107,1.2,2017
"EMMA",103,1.2,2017
"ANTIA",102,1.1,2017
"IRIA",100,1.1,2017
"SABELA",95,1.1,2017
"OLIVIA",93,1,2017
"LOLA",90,1,2017
"VEGA",90,1,2017
"CANDELA",89,1,2017
"MARIA",88,1,2017
"LIA",85,1,2017
"ALICIA",83,0.9,2017
"ALMA",82,0.9,2017
"LAURA",79,0.9,2017
"LEIRE",75,0.8,2017
"CLAUDIA",74,0.8,2017
"INES",72,0.8,2017
"MIA",72,0.8,2017
"XIANA",71,0.8,2017
"MARA",69,0.8,2017
"ADRIANA",68,0.8,2017
"CHLOE",66,0.7,2017
"ANA",65,0.7,2017
"AROA",63,0.7,2017
"CARLOTA",60,0.7,2017
"NEREA",59,0.7,2017
"ANDREA",58,0.7,2017
"CLARA",58,0.7,2017
"AINARA",57,0.6,2017
"JIMENA",57,0.6,2017
"ZOE",56,0.6,2017
"IRENE",54,0.6,2017
"CELIA",50,0.6,2017
"ELENA",46,0.5,2017
"MARTA",46,0.5,2017
"SOFIA",230,2.9,2018
"NOA",186,2.3,2018
"DANIELA",184,2.3,2018
"MARTINA",177,2.2,2018
"SARA",152,1.9,2018
"VALERIA",142,1.8,2018
"ALBA",134,1.7,2018
"EMMA",130,1.6,2018
"LARA",129,1.6,2018
"LUCIA",125,1.6,2018
"MARIA",115,1.4,2018
"CARLA",105,1.3,2018
"JULIA",101,1.3,2018
"ANTIA",100,1.2,2018
"UXIA",100,1.2,2018
"CARMEN",97,1.2,2018
"VERA",97,1.2,2018
"VALENTINA",95,1.2,2018
"LIA",94,1.2,2018
"MIA",86,1.1,2018
"OLIVIA",86,1.1,2018
"LOLA",84,1,2018
"CLAUDIA",82,1,2018
"SABELA",78,1,2018
"LEIRE",77,1,2018
"PAULA",76,0.9,2018
"CANDELA",73,0.9,2018
"MARA",71,0.9,2018
"VEGA",71,0.9,2018
"ALICIA",69,0.9,2018
"ALMA",68,0.8,2018
"IRIA",66,0.8,2018
"ANA",64,0.8,2018
"CARLOTA",64,0.8,2018
"AROA",63,0.8,2018
"LAURA",60,0.7,2018
"AITANA",56,0.7,2018
"CHLOE",56,0.7,2018
"INES",56,0.7,2018
"ADRIANA",54,0.7,2018
"ZOE",54,0.7,2018
"AINARA",52,0.6,2018
"MARTA",52,0.6,2018
"XIANA",50,0.6,2018
"CELIA",49,0.6,2018
"IRENE",47,0.6,2018
"JIMENA",45,0.6,2018
"CLARA",44,0.5,2018
"ANDREA",43,0.5,2018
"LUA",42,0.5,2018
